Experiment,Condition,Count,TotalArea,AverageSize,AreaPercentage,Mean,IntDen
1,C_10uM,0,0,NaN,0,NaN,NaN
1,C_10uM,0,0,NaN,0,NaN,NaN
1,C_10uM,1,1,1,0.03,69,69
1,C_10uM,0,0,NaN,0,NaN,NaN
1,C_10uM,0,0,NaN,0,NaN,NaN
1,C_10uM,0,0,NaN,0,NaN,NaN
1,C_10uM,0,0,NaN,0,NaN,NaN
1,C_10uM,0,0,NaN,0,NaN,NaN
1,C_10uM,0,0,NaN,0,NaN,NaN
1,C_10uM,0,0,NaN,0,NaN,NaN
1,C_10uM,0,0,NaN,0,NaN,NaN
1,C_10uM,0,0,NaN,0,NaN,NaN
1,C_10uM,0,0,NaN,0,NaN,NaN
1,C_10uM,1,4,4,0.172,71.75,287
1,C_10uM,2,205,102.5,8.313,77.854,8392
1,C_10uM,2,73,36.5,3.591,74.681,2834
1,C_10uM,0,0,NaN,0,NaN,NaN
1,C_10uM,0,0,NaN,0,NaN,NaN
1,C_10uM,1,2,2,0.086,71,142
1,C_10uM,1,358,358,12.298,101.852,36463
1,C_10uM,2,56,28,1.786,80.346,2294
1,C_10uM,6,194,32.333,17.368,75.976,2847.167
1,C_10uM,10,322,32.2,11.856,76.388,2728.8
1,C_10uM,6,72,12,5.377,75.913,957.5
1,C_10uM,1,38,38,1.467,85.526,3250
1,C_10uM,1,3,3,0.119,73,219
1,C_10uM,1,232,232,9.378,97.284,22570
1,C_10uM,0,0,NaN,0,NaN,NaN
1,C_10uM,0,0,NaN,0,NaN,NaN
1,C_10uM,7,15,2.143,0.543,69.536,149.429
1,C_10uM,1,1,1,0.05,69,69
1,C_10uM,1,19,19,0.481,71.895,1366
1,C_10uM,4,280,70,10.283,83.094,6997.75
1,C_10uM,0,0,NaN,0,NaN,NaN
1,C_10uM,0,0,NaN,0,NaN,NaN
1,C_10uM,3,33,11,1.029,71.376,832.667
1,C_10uM,1,6,6,0.244,69.333,416
1,C_10uM,0,0,NaN,0,NaN,NaN
1,C_10uM,1,4,4,0.248,70.5,282
1,C_10uM,0,0,NaN,0,NaN,NaN
1,C_10uM,2,9,4.5,0.214,72.75,330
1,C_10uM,7,139,19.857,2.841,71.172,1509
1,C_10uM,0,0,NaN,0,NaN,NaN
1,C_10uM,4,622,155.5,15.115,87.811,16350
1,C_10uM,3,6,2,0.223,69.389,139
1,C_10uM,0,0,NaN,0,NaN,NaN
1,C_10uM,1,28,28,0.966,71,1988
1,C_10uM,1,2,2,0.064,71,142
1,C_10uM,0,0,NaN,0,NaN,NaN
1,C_10uM,0,0,NaN,0,NaN,NaN
1,C_10uM,0,0,NaN,0,NaN,NaN
1,C_10uM,0,0,NaN,0,NaN,NaN
1,C_10uM,5,44,8.8,1.036,70.283,647.2
1,C_10uM,0,0,NaN,0,NaN,NaN
1,C_10uM,1,1,1,0.034,69,69
1,C_10uM,2,6,3,0.191,71.7,216.5
1,C_10uM,4,7,1.75,0.172,70.458,123.75
1,C_10uM,1,10,10,0.359,74.7,747
1,C_10uM,0,0,NaN,0,NaN,NaN
1,C_10uM,0,0,NaN,0,NaN,NaN
1,C_10uM,12,49,4.083,1.35,69.668,286.25
1,C_10uM,6,311,51.833,7.431,78.001,4238.833
1,C_10uM,0,0,NaN,0,NaN,NaN
1,C_10uM,9,49,5.444,1.321,70.105,391.444
1,C_10uM,1,4,4,0.089,70.25,281
1,C_10uM,0,0,NaN,0,NaN,NaN
1,C_10uM,0,0,NaN,0,NaN,NaN
1,C_10uM,0,0,NaN,0,NaN,NaN
1,C_10uM,1,1,1,0.06,69,69
1,C_10uM,0,0,NaN,0,NaN,NaN
1,C_10uM,1,2,2,0.055,72,144
1,C_10uM,1,17,17,0.387,95.412,1622
1,C_10uM,5,48,9.6,3.154,71.372,716.8
1,C_10uM,2,2,1,0.051,69,69
1,C_10uM,3,3,1,0.079,69,69
1,C_10uM,0,0,NaN,0,NaN,NaN
1,C_10uM,3,281,93.667,6.243,71.924,7186
1,C_10uM,0,0,NaN,0,NaN,NaN
1,C_10uM,3,143,47.667,3.352,72.764,3545
1,C_10uM,5,1043,208.6,21.382,72.348,17727.6
1,C_10uM,39,114,2.923,2.822,69.545,203.949
1,C_10uM,8,66,8.25,1.238,69.787,583
1,C_10uM,57,1898,33.298,31.346,69.975,2632.614
1,C_10uM,25,1539,61.56,24.699,70.16,5153.24
1,C_10uM,26,59,2.269,1.702,69.427,158.154
1,C_10uM,7,18,2.571,0.275,69.65,180
1,C_10uM,0,0,NaN,0,NaN,NaN
1,C_10uM,0,0,NaN,0,NaN,NaN
1,C_10uM,0,0,NaN,0,NaN,NaN
1,C_10uM,0,0,NaN,0,NaN,NaN
1,C_10uM,0,0,NaN,0,NaN,NaN
1,C_10uM,0,0,NaN,0,NaN,NaN
1,C_10uM,21,245,11.667,3.012,69.811,834.714
1,C_10uM,1,1,1,0.022,69,69
1,C_10uM,5,32,6.4,0.997,69.843,465.2
1,C_10uM,5,24,4.8,0.761,70.014,337
1,C_10uM,14,175,12.5,7.372,69.7,887.714
1,C_10uM,1,2,2,0.094,70,140
1,C_10uM,2,2,1,0.07,71.5,71.5
1,C_10uM,0,0,NaN,0,NaN,NaN
1,C_10uM,0,0,NaN,0,NaN,NaN
1,C_10uM,8,49,6.125,1.089,70.288,436.5
1,C_10uM,0,0,NaN,0,NaN,NaN
1,C_10uM,0,0,NaN,0,NaN,NaN
1,C_10uM,0,0,NaN,0,NaN,NaN
1,C_10uM,1,19,19,0.871,75.368,1432
1,C_10uM,2,10,5,0.333,72.833,364
1,C_10uM,3,46,15.333,1,74.065,1194.333
1,C_10uM,0,0,NaN,0,NaN,NaN
1,C_10uM,1,1,1,0.047,71,71
1,C_10uM,0,0,NaN,0,NaN,NaN
1,C_10uM,2,4,2,0.104,70.333,140
1,C_10uM,6,534,89,14.682,70.513,6700.5
1,C_10uM,0,0,NaN,0,NaN,NaN
1,C_10uM,0,0,NaN,0,NaN,NaN
1,C_10uM,14,594,42.429,9.501,69.998,3069.429
1,C_10uM,0,0,NaN,0,NaN,NaN
1,C_10uM,0,0,NaN,0,NaN,NaN
1,C_10uM,0,0,NaN,0,NaN,NaN
1,C_10uM,1,2,2,0.131,70.5,141
1,C_10uM,4,161,40.25,5.351,72.547,3051
1,C_10uM,1,63,63,1.896,76.619,4827
1,C_10uM,0,0,NaN,0,NaN,NaN
1,C_10uM,0,0,NaN,0,NaN,NaN
1,C_10uM,2,5,2.5,0.358,69.625,175
1,C_10uM,0,0,NaN,0,NaN,NaN
1,C_10uM,0,0,NaN,0,NaN,NaN
1,C_10uM,1,6,6,0.19,69.5,417
1,C_10uM,0,0,NaN,0,NaN,NaN
1,C_10uM,6,60,10,2.293,71.327,755
1,C_10uM,2,110,55,2.036,76.39,4347.5
1,C_10uM,0,0,NaN,0,NaN,NaN
1,C_10uM,1,9,9,0.202,74.556,671
1,C_10uM,0,0,NaN,0,NaN,NaN
1,C_10uM,0,0,NaN,0,NaN,NaN
1,C_10uM,0,0,NaN,0,NaN,NaN
1,C_10uM,0,0,NaN,0,NaN,NaN
1,C_10uM,0,0,NaN,0,NaN,NaN
1,C_10uM,1,40,40,2.432,78.45,3138
1,C_10uM,0,0,NaN,0,NaN,NaN
1,C_10uM,0,0,NaN,0,NaN,NaN
1,C_10uM,0,0,NaN,0,NaN,NaN
1,C_10uM,0,0,NaN,0,NaN,NaN
1,C_10uM,1,1,1,0.024,54,54
1,C_10uM,0,0,NaN,0,NaN,NaN
1,C_10uM,2,235,117.5,8.39,61.603,8124
1,C_10uM,0,0,NaN,0,NaN,NaN
1,C_10uM,1,1,1,0.028,55,55
1,C_10uM,0,0,NaN,0,NaN,NaN
1,C_10uM,0,0,NaN,0,NaN,NaN
1,C_10uM,3,132,44,3.601,58.305,2642.333
1,C_10uM,0,0,NaN,0,NaN,NaN
1,C_10uM,2,22,11,0.826,55.4,622
1,C_10uM,1,1,1,0.029,57,57
1,C_10uM,0,0,NaN,0,NaN,NaN
1,C_10uM,0,0,NaN,0,NaN,NaN
1,C_10uM,0,0,NaN,0,NaN,NaN
1,C_10uM,0,0,NaN,0,NaN,NaN
1,C_10uM,5,803,160.6,22.767,60.338,12380.8
1,C_10uM,0,0,NaN,0,NaN,NaN
1,C_10uM,0,0,NaN,0,NaN,NaN
1,C_10uM,11,162,14.727,4.896,55.645,992.636
1,C_10uM,0,0,NaN,0,NaN,NaN
1,C_10uM,12,500,41.667,15.11,55.195,2492.083
1,C_10uM,2,3,1.5,0.107,54,81
1,C_10uM,2,14,7,0.552,55.354,388.5
1,C_10uM,3,72,24,1.662,57.474,1482.667
1,C_10uM,1,1,1,0.035,54,54
1,C_10uM,1,1,1,0.027,54,54
1,C_10uM,2,2,1,0.077,54.5,54.5
1,C_10uM,0,0,NaN,0,NaN,NaN
1,C_10uM,3,48,16,1.168,55.361,919.333
1,C_10uM,2,32,16,1.311,54.783,887.5
1,C_10uM,10,22,2.2,1.03,54.367,119.8
1,C_10uM,0,0,NaN,0,NaN,NaN
1,C_10uM,1,1,1,0.048,55,55
1,C_10uM,2,220,110,6.142,59.628,7172.5
1,C_10uM,0,0,NaN,0,NaN,NaN
1,C_10uM,2,5,2.5,0.075,55,139
1,C_10uM,0,0,NaN,0,NaN,NaN
1,C_10uM,1,1,1,0.037,54,54
1,C_10uM,0,0,NaN,0,NaN,NaN
1,C_10uM,0,0,NaN,0,NaN,NaN
1,C_10uM,0,0,NaN,0,NaN,NaN
1,C_10uM,1,21,21,0.59,58,1218
1,C_10uM,1,1,1,0.033,54,54
1,C_10uM,0,0,NaN,0,NaN,NaN
1,C_10uM,4,19,4.75,0.317,55.75,267.25
1,C_10uM,1,11,11,0.292,55.909,615
1,C_10uM,0,0,NaN,0,NaN,NaN
1,C_10uM,4,123,30.75,6.796,56.442,1908.5
1,C_10uM,12,22,1.833,1.982,54.333,99.917
1,C_10uM,34,177,5.206,3.416,54.526,287.824
1,C_10uM,0,0,NaN,0,NaN,NaN
1,C_10uM,13,191,14.692,5.6,54.886,850.538
1,C_10uM,6,47,7.833,1.554,55.162,436.5
1,C_10uM,27,394,14.593,12.316,55.331,895.852
1,C_10uM,1,5,5,0.184,55.4,277
1,C_10uM,0,0,NaN,0,NaN,NaN
1,C_10uM,4,60,15,1.51,56.296,842.5
1,C_10uM,0,0,NaN,0,NaN,NaN
1,C_10uM,1,2,2,0.089,54,108
1,C_10uM,0,0,NaN,0,NaN,NaN
1,C_10uM,1,2,2,0.069,54,108
1,C_10uM,5,43,8.6,1.676,55.232,485.4
1,C_10uM,2,2,1,0.116,54,54
1,C_10uM,0,0,NaN,0,NaN,NaN
1,C_10uM,0,0,NaN,0,NaN,NaN
1,C_10uM,4,6,1.5,0.097,54.417,81.75
1,C_10uM,1,457,457,13.912,71.748,32789
1,C_10uM,1,15,15,0.669,54.667,820
1,C_10uM,2,2,1,0.096,54,54
1,C_10uM,5,216,43.2,7.287,56.324,2692.6
1,C_10uM,0,0,NaN,0,NaN,NaN
1,C_10uM,3,42,14,1.049,55.009,792.333
1,C_10uM,8,626,78.25,20.79,55.322,4793.25
1,C_10uM,0,0,NaN,0,NaN,NaN
1,C_10uM,0,0,NaN,0,NaN,NaN
1,C_10uM,0,0,NaN,0,NaN,NaN
1,C_10uM,0,0,NaN,0,NaN,NaN
1,C_10uM,0,0,NaN,0,NaN,NaN
1,C_10uM,0,0,NaN,0,NaN,NaN
1,C_10uM,0,0,NaN,0,NaN,NaN
1,C_10uM,11,35,3.182,1.744,54.314,173
1,C_10uM,4,7,1.75,0.213,54.458,95.75
1,C_10uM,20,43,2.15,1.266,54.404,116.95
1,C_10uM,20,117,5.85,4.469,54.662,320.6
1,C_10uM,19,36,1.895,1.268,54.339,103.158
1,C_10uM,10,13,1.3,0.347,54.1,70.3
1,C_10uM,0,0,NaN,0,NaN,NaN
1,C_10uM,2,5,2.5,0.189,54.5,136.5
1,C_10uM,1,1,1,0.028,54,54
1,C_10uM,3,4,1.333,0.217,54.333,72.667
1,C_10uM,1,1,1,0.032,54,54
1,C_10uM,0,0,NaN,0,NaN,NaN
1,C_10uM,1,4,4,0.174,55,220
1,C_10uM,0,0,NaN,0,NaN,NaN
1,C_10uM,0,0,NaN,0,NaN,NaN
1,C_10uM,1,5,5,0.111,131.4,657
1,C_10uM,0,0,NaN,0,NaN,NaN
1,C_10uM,0,0,NaN,0,NaN,NaN
1,C_10uM,1,98,98,7.117,63.898,6262
1,C_10uM,1,47,47,2.334,65.511,3079
1,C_10uM,1,36,36,1.734,59.833,2154
1,C_10uM,0,0,NaN,0,NaN,NaN
1,C_10uM,0,0,NaN,0,NaN,NaN
1,C_10uM,0,0,NaN,0,NaN,NaN
1,C_10uM,0,0,NaN,0,NaN,NaN
1,C_10uM,0,0,NaN,0,NaN,NaN
1,C_10uM,0,0,NaN,0,NaN,NaN
1,C_10uM,0,0,NaN,0,NaN,NaN
1,C_10uM,0,0,NaN,0,NaN,NaN
1,C_10uM,0,0,NaN,0,NaN,NaN
1,C_10uM,0,0,NaN,0,NaN,NaN
1,C_10uM,0,0,NaN,0,NaN,NaN
1,C_10uM,0,0,NaN,0,NaN,NaN
1,C_10uM,0,0,NaN,0,NaN,NaN
1,C_10uM,4,22,5.5,0.764,54.445,299.75
1,C_10uM,0,0,NaN,0,NaN,NaN
1,C_10uM,0,0,NaN,0,NaN,NaN
1,C_10uM,0,0,NaN,0,NaN,NaN
1,C_10uM,1,10,10,0.498,54.4,544
1,C_10uM,0,0,NaN,0,NaN,NaN
1,C_10uM,4,4,1,0.149,54.25,54.25
1,C_10uM,0,0,NaN,0,NaN,NaN
1,C_10uM,1,1,1,0.041,54,54
1,C_10uM,0,0,NaN,0,NaN,NaN
1,C_10uM,0,0,NaN,0,NaN,NaN
1,C_10uM,0,0,NaN,0,NaN,NaN
1,C_10uM,0,0,NaN,0,NaN,NaN
1,C_10uM,0,0,NaN,0,NaN,NaN
1,C_10uM,0,0,NaN,0,NaN,NaN
1,C_10uM,0,0,NaN,0,NaN,NaN
1,C_10uM,0,0,NaN,0,NaN,NaN
1,C_10uM,0,0,NaN,0,NaN,NaN
1,C_10uM,0,0,NaN,0,NaN,NaN
1,C_10uM,0,0,NaN,0,NaN,NaN
1,C_10uM,0,0,NaN,0,NaN,NaN
1,C_10uM,0,0,NaN,0,NaN,NaN
1,C_10uM,0,0,NaN,0,NaN,NaN
1,C_10uM,4,22,5.5,0.314,60.987,344.25
1,C_10uM,0,0,NaN,0,NaN,NaN
1,C_10uM,0,0,NaN,0,NaN,NaN
1,C_10uM,0,0,NaN,0,NaN,NaN
1,C_10uM,1,11,11,0.384,63.273,696
1,C_10uM,0,0,NaN,0,NaN,NaN
1,C_10uM,0,0,NaN,0,NaN,NaN
1,C_10uM,0,0,NaN,0,NaN,NaN
1,C_10uM,0,0,NaN,0,NaN,NaN
1,C_10uM,0,0,NaN,0,NaN,NaN
1,C_10uM,0,0,NaN,0,NaN,NaN
1,C_10uM,0,0,NaN,0,NaN,NaN
1,C_10uM,2,68,34,1.805,64.964,2274
1,C_10uM,1,3,3,0.088,63,189
1,C_10uM,0,0,NaN,0,NaN,NaN
1,C_10uM,0,0,NaN,0,NaN,NaN
1,C_10uM,2,23,11.5,0.529,62.182,727.5
1,C_10uM,0,0,NaN,0,NaN,NaN
1,C_10uM,0,0,NaN,0,NaN,NaN
1,C_10uM,0,0,NaN,0,NaN,NaN
1,C_10uM,16,41,2.562,0.988,60.518,156.062
1,C_10uM,1,3,3,0.049,60.333,181
1,C_10uM,8,94,11.75,4.424,60.821,724.375
1,C_10uM,10,93,9.3,4.952,61.011,573.8
1,C_10uM,22,81,3.682,3.075,60.663,224.273
1,C_10uM,0,0,NaN,0,NaN,NaN
1,C_10uM,4,7,1.75,0.203,60.75,106
1,C_10uM,12,16,1.333,0.225,60.396,80.5
1,C_10uM,10,13,1.3,0.375,60.425,78.5
1,C_10uM,8,15,1.875,1.071,60.546,113.875
1,C_10uM,15,252,16.8,11.17,61.517,1082.8
1,C_10uM,0,0,NaN,0,NaN,NaN
1,C_10uM,2,6,3,0.19,60,180
1,C_10uM,15,26,1.733,1.628,60.749,105.733
1,C_10uM,6,20,3.333,1.159,60.742,203.5
1,C_10uM,0,0,NaN,0,NaN,NaN
1,C_10uM,0,0,NaN,0,NaN,NaN
1,C_10uM,1,1,1,0.064,60,60
1,C_10uM,0,0,NaN,0,NaN,NaN
1,C_10uM,1,2,2,0.05,60.5,121
1,C_10uM,0,0,NaN,0,NaN,NaN
1,C_10uM,0,0,NaN,0,NaN,NaN
1,C_10uM,0,0,NaN,0,NaN,NaN
1,C_10uM,4,6,1.5,0.209,60.5,91
1,C_10uM,1,1,1,0.031,60,60
1,C_10uM,1,1,1,0.033,60,60
1,C_10uM,1,1,1,0.024,62,62
1,C_10uM,1,19,19,0.685,64.579,1227
1,C_10uM,0,0,NaN,0,NaN,NaN
1,C_10uM,11,36,3.273,1.093,60.891,200.727
1,C_10uM,0,0,NaN,0,NaN,NaN
1,C_10uM,0,0,NaN,0,NaN,NaN
1,C_10uM,2,50,25,0.704,63.54,1596
1,C_10uM,1,1,1,0.026,60,60
1,C_10uM,0,0,NaN,0,NaN,NaN
1,C_10uM,0,0,NaN,0,NaN,NaN
1,C_10uM,1,41,41,1.296,68.707,2817
1,C_10uM,0,0,NaN,0,NaN,NaN
1,C_10uM,0,0,NaN,0,NaN,NaN
1,C_10uM,0,0,NaN,0,NaN,NaN
1,C_10uM,0,0,NaN,0,NaN,NaN
1,C_10uM,0,0,NaN,0,NaN,NaN
1,C_10uM,2,3,1.5,0.085,60,90
1,C_10uM,3,3,1,0.123,60,60
1,C_10uM,0,0,NaN,0,NaN,NaN
1,C_10uM,0,0,NaN,0,NaN,NaN
1,C_10uM,7,40,5.714,2.053,61.465,354.714
1,C_10uM,0,0,NaN,0,NaN,NaN
1,C_10uM,0,0,NaN,0,NaN,NaN
1,C_10uM,0,0,NaN,0,NaN,NaN
1,C_10uM,0,0,NaN,0,NaN,NaN
1,C_10uM,0,0,NaN,0,NaN,NaN
1,C_10uM,0,0,NaN,0,NaN,NaN
1,C_10uM,0,0,NaN,0,NaN,NaN
1,C_10uM,0,0,NaN,0,NaN,NaN
1,C_10uM,1,1,1,0.047,60,60
1,C_10uM,9,112,12.444,1.378,62.544,794.111
1,C_10uM,2,2,1,0.059,61,61
1,C_10uM,0,0,NaN,0,NaN,NaN
1,C_10uM,10,48,4.8,1.848,60.974,295.7
1,C_10uM,12,109,9.083,1.534,61.191,593.25
1,C_10uM,2,2,1,0.143,60,60
1,C_10uM,12,70,5.833,3.898,60.929,360.75
1,C_10uM,3,6,2,0.259,60.083,120.333
1,C_10uM,2,6,3,0.196,62.5,190.5
1,C_10uM,3,6,2,0.335,60.167,120.333
1,C_10uM,18,310,17.222,15.174,60.91,1119.5
1,C_10uM,0,0,NaN,0,NaN,NaN
1,C_10uM,1,1,1,0.049,61,61
1,C_10uM,0,0,NaN,0,NaN,NaN
1,C_10uM,1,3,3,0.069,61,183
1,C_10uM,1,1,1,0.031,63,63
1,C_10uM,0,0,NaN,0,NaN,NaN
1,C_10uM,0,0,NaN,0,NaN,NaN
1,C_10uM,0,0,NaN,0,NaN,NaN
1,C_10uM,5,11,2.2,0.446,61.28,137.2
1,C_10uM,0,0,NaN,0,NaN,NaN
1,C_10uM,3,5,1.667,0.137,61.222,103
1,C_10uM,0,0,NaN,0,NaN,NaN
1,C_10uM,3,21,7,1.22,63.156,450
1,C_10uM,0,0,NaN,0,NaN,NaN
1,C_10uM,7,18,2.571,0.522,60.833,158.429
1,C_10uM,4,198,49.5,3.224,63.296,3346
1,C_10uM,5,13,2.6,0.457,61.543,162.4
1,C_10uM,0,0,NaN,0,NaN,NaN
1,C_10uM,0,0,NaN,0,NaN,NaN
1,C_10uM,0,0,NaN,0,NaN,NaN
1,C_10uM,0,0,NaN,0,NaN,NaN
1,C_10uM,2,2,1,0.033,61.5,61.5
1,C_10uM,0,0,NaN,0,NaN,NaN
1,C_10uM,1,1,1,0.03,61,61
1,C_10uM,4,183,45.75,5.593,64.158,3299
1,C_10uM,2,133,66.5,3.405,64.5,4515
1,C_10uM,5,5,1,0.453,60.6,60.6
1,C_10uM,16,93,5.812,2.027,61.273,359.688
1,C_10uM,14,177,12.643,14.344,60.984,784.714
1,C_10uM,4,116,29,2.72,60.622,1788.5
1,C_10uM,1,3,3,0.248,61.667,185
1,C_10uM,14,409,29.214,30.821,61.2,1817.571
1,C_10uM,8,190,23.75,14.405,60.891,1487.25
1,C_10uM,1,1,1,0.027,61,61
1,C_10uM,0,0,NaN,0,NaN,NaN
1,C_10uM,0,0,NaN,0,NaN,NaN
1,C_10uM,4,38,9.5,1.554,61.08,601.75
1,C_10uM,0,0,NaN,0,NaN,NaN
1,C_10uM,4,9,2.25,0.598,60.146,135.5
1,C_10uM,2,5,2.5,0.225,61.375,152.5
1,C_10uM,1,213,213,10.426,76.934,16387
1,C_10uM,4,392,98,7.82,66.864,8351.75
1,C_10uM,2,7,3.5,0.244,61.3,216.5
1,C_10uM,7,376,53.714,7.956,63.667,3596.429
1,C_10uM,4,24,6,0.974,64.917,443.25
1,C_10uM,1,1,1,0.023,62,62
1,C_10uM,1,1,1,0.027,60,60
1,C_10uM,2,56,28,1.93,67.675,2030
1,C_10uM,1,1,1,0.041,65,65
1,C_10uM,0,0,NaN,0,NaN,NaN
1,C_10uM,0,0,NaN,0,NaN,NaN
1,C_10uM,0,0,NaN,0,NaN,NaN
1,C_10uM,0,0,NaN,0,NaN,NaN
1,C_10uM,0,0,NaN,0,NaN,NaN
1,C_10uM,1,5,5,0.341,62,310
1,C_10uM,1,1,1,0.037,61,61
1,C_10uM,1,4,4,0.106,61.5,246
1,C_10uM,0,0,NaN,0,NaN,NaN
1,C_10uM,1,3,3,0.179,63.667,191
1,C_10uM,0,0,NaN,0,NaN,NaN
1,C_10uM,0,0,NaN,0,NaN,NaN
1,C_10uM,0,0,NaN,0,NaN,NaN
1,C_10uM,1,1,1,0.065,62,62
1,C_10uM,1,7,7,0.236,60.857,426
1,C_10uM,0,0,NaN,0,NaN,NaN
1,C_10uM,0,0,NaN,0,NaN,NaN
1,C_10uM,0,0,NaN,0,NaN,NaN
1,C_10uM,0,0,NaN,0,NaN,NaN
1,C_10uM,0,0,NaN,0,NaN,NaN
1,C_10uM,1,1,1,0.016,61,61
1,C_10uM,0,0,NaN,0,NaN,NaN
1,C_10uM,3,305,101.667,6.796,64.714,7095.333
1,C_10uM,0,0,NaN,0,NaN,NaN
1,C_10uM,0,0,NaN,0,NaN,NaN
1,C_10uM,0,0,NaN,0,NaN,NaN
1,C_10uM,0,0,NaN,0,NaN,NaN
1,C_10uM,0,0,NaN,0,NaN,NaN
1,C_10uM,0,0,NaN,0,NaN,NaN
1,C_10uM,0,0,NaN,0,NaN,NaN
1,C_10uM,1,245,245,8.738,76.543,18753
1,C_10uM,6,34,5.667,1.332,63.446,375.667
1,C_10uM,0,0,NaN,0,NaN,NaN
1,C_10uM,0,0,NaN,0,NaN,NaN
1,C_10uM,1,6,6,0.103,65.667,394
1,C_10uM,0,0,NaN,0,NaN,NaN
1,C_10uM,4,328,82,17.364,62.937,5547.75
1,C_10uM,0,0,NaN,0,NaN,NaN
1,C_10uM,0,0,NaN,0,NaN,NaN
1,C_10uM,0,0,NaN,0,NaN,NaN
1,C_10uM,0,0,NaN,0,NaN,NaN
1,C_10uM,0,0,NaN,0,NaN,NaN
1,C_10uM,0,0,NaN,0,NaN,NaN
1,C_10uM,0,0,NaN,0,NaN,NaN
1,C_10uM,0,0,NaN,0,NaN,NaN
1,C_10uM,1,1,1,0.058,61,61
1,C_10uM,4,6,1.5,0.627,61.25,91.75
1,C_10uM,1,1,1,0.035,61,61
1,C_10uM,1,2,2,0.111,61.5,123
1,C_10uM,5,103,20.6,2.419,62.024,1314.6
1,C_10uM,2,4,2,0.104,61.5,123
1,C_10uM,0,0,NaN,0,NaN,NaN
1,C_10uM,0,0,NaN,0,NaN,NaN
1,C_10uM,0,0,NaN,0,NaN,NaN
1,C_10uM,1,70,70,1.767,65.471,4583
1,C_10uM,0,0,NaN,0,NaN,NaN
1,C_10uM,3,45,15,0.84,62.357,951.667
1,C_10uM,0,0,NaN,0,NaN,NaN
1,C_10uM,0,0,NaN,0,NaN,NaN
1,C_10uM,0,0,NaN,0,NaN,NaN
1,C_10uM,0,0,NaN,0,NaN,NaN
1,C_10uM,7,122,17.429,2.677,62.299,1133.286
1,C_10uM,12,69,5.75,3.046,61.675,360.583
1,C_10uM,19,727,38.263,23.581,62.991,3271.421
1,C_10uM,2,2,1,0.083,61,61
1,C_10uM,4,809,202.25,19.603,66.047,16002.25
1,C_10uM,3,3,1,0.078,61.333,61.333
1,C_10uM,31,360,11.613,10.591,61.699,738.968
1,C_10uM,17,1164,68.471,44.394,61.404,4408.235
1,C_10uM,5,45,9,1.026,62.182,569
1,C_10uM,6,12,2,1.247,61.444,122.833
1,C_10uM,8,8,1,0.416,61.375,61.375
1,C_10uM,23,152,6.609,4.832,61.762,413.391
1,C_10uM,1,1,1,0.047,61,61
1,C_10uM,3,4,1.333,0.14,61,81.333
1,C_10uM,4,5,1.25,0.266,62,77.5
1,C_10uM,0,0,NaN,0,NaN,NaN
1,C_10uM,0,0,NaN,0,NaN,NaN
1,C_10uM,4,18,4.5,0.424,61.55,279.25
1,C_10uM,2,2,1,0.062,61,61
1,C_10uM,2,2,1,0.11,61,61
1,C_10uM,12,17,1.417,1.695,61.153,86.667
1,C_10uM,4,45,11.25,0.718,61.988,715.5
1,C_10uM,2,38,19,0.782,62.581,1217.5
1,C_10uM,0,0,NaN,0,NaN,NaN
1,C_10uM,0,0,NaN,0,NaN,NaN
1,C_10uM,1,5,5,0.074,66.8,334
1,C_10uM,0,0,NaN,0,NaN,NaN
1,C_10uM,1,1,1,0.029,61,61
1,C_10uM,2,2,1,0.048,61,61
1,C_10uM,0,0,NaN,0,NaN,NaN
1,C_10uM,0,0,NaN,0,NaN,NaN
1,C_10uM,4,7,1.75,0.243,61.417,107.5
1,C_10uM,5,5,1,0.219,61.4,61.4
1,C_10uM,3,3,1,0.113,61.333,61.333
1,C_10uM,0,0,NaN,0,NaN,NaN
1,C_10uM,3,3,1,0.226,62,62
1,C_10uM,4,4,1,0.22,61.25,61.25
1,C_10uM,2,2,1,0.089,61,61
1,C_10uM,11,19,1.727,1.328,61.379,106.182
1,C_10uM,8,18,2.25,0.382,61.488,138.375
1,C_10uM,71,158,2.225,2.705,61.341,136.93
1,C_10uM,23,182,7.913,3.625,61.611,492.13
1,C_10uM,10,13,1.3,1.862,61.725,80.7
1,C_10uM,23,195,8.478,18.123,61.648,527.174
1,C_10uM,0,0,NaN,0,NaN,NaN
1,C_10uM,19,177,9.316,11.368,61.658,579.158
1,C_10uM,3,4,1.333,0.213,61.5,82
1,C_10uM,0,0,NaN,0,NaN,NaN
1,C_10uM,0,0,NaN,0,NaN,NaN
1,C_10uM,1,4,4,0.11,64.25,257
1,C_10uM,2,6,3,0.197,62.1,186.5
1,C_10uM,1,1,1,0.029,63,63
1,C_10uM,0,0,NaN,0,NaN,NaN
1,C_10uM,0,0,NaN,0,NaN,NaN
1,C_10uM,0,0,NaN,0,NaN,NaN
1,C_10uM,0,0,NaN,0,NaN,NaN
1,C_10uM,1,3,3,0.103,64.667,194
1,C_10uM,0,0,NaN,0,NaN,NaN
1,C_10uM,0,0,NaN,0,NaN,NaN
1,C_10uM,1,9,9,0.287,68.556,617
1,C_10uM,0,0,NaN,0,NaN,NaN
1,C_10uM,0,0,NaN,0,NaN,NaN
1,C_10uM,2,8,4,0.171,61.571,248
1,C_10uM,0,0,NaN,0,NaN,NaN
1,C_10uM,2,22,11,0.373,62.991,687.5
1,C_10uM,0,0,NaN,0,NaN,NaN
1,C_10uM,0,0,NaN,0,NaN,NaN
1,C_10uM,1,2,2,0.063,64,128
1,C_10uM,0,0,NaN,0,NaN,NaN
1,C_10uM,0,0,NaN,0,NaN,NaN
1,C_10uM,0,0,NaN,0,NaN,NaN
1,C_10uM,0,0,NaN,0,NaN,NaN
1,C_10uM,0,0,NaN,0,NaN,NaN
1,C_10uM,0,0,NaN,0,NaN,NaN
1,C_10uM,0,0,NaN,0,NaN,NaN
1,C_10uM,0,0,NaN,0,NaN,NaN
1,C_10uM,0,0,NaN,0,NaN,NaN
1,C_10uM,2,4,2,0.132,61.667,124
1,C_10uM,2,54,27,2.077,62.37,1704
1,C_10uM,1,63,63,2.495,67.159,4231
1,C_10uM,2,85,42.5,1.621,68.435,3134
1,C_10uM,0,0,NaN,0,NaN,NaN
1,C_10uM,0,0,NaN,0,NaN,NaN
1,C_10uM,0,0,NaN,0,NaN,NaN
1,C_10uM,0,0,NaN,0,NaN,NaN
1,C_10uM,0,0,NaN,0,NaN,NaN
1,C_10uM,0,0,NaN,0,NaN,NaN
1,C_10uM,1,1,1,0.072,62,62
1,C_10uM,0,0,NaN,0,NaN,NaN
1,C_10uM,4,5,1.25,0.29,61,76.25
1,C_10uM,6,10,1.667,0.347,61.833,103.5
1,C_10uM,3,6,2,0.27,61.167,122.667
1,C_10uM,4,18,4.5,0.678,61.879,279
1,C_10uM,16,58,3.625,3.756,61.529,223.875
1,C_10uM,9,16,1.778,1.57,61.528,109.444
1,C_10uM,4,6,1.5,0.357,61.25,92.25
1,C_10uM,2,2,1,0.174,61.5,61.5
1,C_10uM,0,0,NaN,0,NaN,NaN
1,C_10uM,11,20,1.818,1.046,61.629,112.182
1,C_10uM,6,26,4.333,1.121,61.693,268.833
1,C_10uM,34,112,3.294,6.813,61.506,203.324
1,C_10uM,0,0,NaN,0,NaN,NaN
1,C_10uM,1,3,3,0.201,61.333,184
1,C_10uM,1,115,115,4.946,63.626,7317
1,C_10uM,0,0,NaN,0,NaN,NaN
1,IP_10uM,6,14,2.333,0.415,62.306,145
1,IP_10uM,1,2,2,0.044,63,126
1,IP_10uM,11,90,8.182,1.761,61.841,531.909
1,IP_10uM,8,33,4.125,1.425,61.833,257.125
1,IP_10uM,1,2,2,0.076,63.5,127
1,IP_10uM,3,191,63.667,3.916,66.158,4791
1,IP_10uM,7,541,77.286,17.525,63.539,5638.286
1,IP_10uM,7,282,40.286,4.695,65.535,3127.143
1,IP_10uM,0,0,NaN,0,NaN,NaN
1,IP_10uM,19,616,32.421,15.244,62.067,2144.684
1,IP_10uM,2,33,16.5,0.619,68.72,1182.5
1,IP_10uM,0,0,NaN,0,NaN,NaN
1,IP_10uM,0,0,NaN,0,NaN,NaN
1,IP_10uM,6,20,3.333,0.406,62.271,209.5
1,IP_10uM,0,0,NaN,0,NaN,NaN
1,IP_10uM,9,628,69.778,13.241,63.885,4761.333
1,IP_10uM,3,35,11.667,1.235,64.042,751.333
1,IP_10uM,1,4,4,0.296,61.5,246
1,IP_10uM,0,0,NaN,0,NaN,NaN
1,IP_10uM,4,131,32.75,5.565,62.275,2099.75
1,IP_10uM,0,0,NaN,0,NaN,NaN
1,IP_10uM,4,80,20,2.513,62.703,1300.75
1,IP_10uM,2,2,1,0.056,61.5,61.5
1,IP_10uM,11,1657,150.636,43.824,62.948,11129.545
1,IP_10uM,5,110,22,3.8,62.033,1395.6
1,IP_10uM,3,50,16.667,1.654,62.965,1060
1,IP_10uM,3,73,24.333,2.105,64.016,1584
1,IP_10uM,0,0,NaN,0,NaN,NaN
1,IP_10uM,2,49,24.5,3.213,66.642,1614.5
1,IP_10uM,10,59,5.9,0.823,62.635,377
1,IP_10uM,0,0,NaN,0,NaN,NaN
1,IP_10uM,5,19,3.8,1.123,61.68,236.4
1,IP_10uM,7,15,2.143,0.599,61.429,132.429
1,IP_10uM,6,19,3.167,1.088,61.633,196
1,IP_10uM,12,1190,99.167,46.521,61.99,6709.917
1,IP_10uM,17,1522,89.529,43.685,62.447,6120.471
1,IP_10uM,10,92,9.2,3.609,61.729,590.5
1,IP_10uM,0,0,NaN,0,NaN,NaN
1,IP_10uM,15,965,64.333,42.25,62.125,4588.333
1,IP_10uM,0,0,NaN,0,NaN,NaN
1,IP_10uM,0,0,NaN,0,NaN,NaN
1,IP_10uM,7,121,17.286,5.67,62.374,1114.714
1,IP_10uM,12,97,8.083,3.734,62.276,512.917
1,IP_10uM,12,274,22.833,14.505,62.655,1528.083
1,IP_10uM,0,0,NaN,0,NaN,NaN
1,IP_10uM,6,77,12.833,2.753,62.903,831.5
1,IP_10uM,0,0,NaN,0,NaN,NaN
1,IP_10uM,16,635,39.688,20.07,62.694,2737.562
1,IP_10uM,3,75,25,3.539,62.898,1626.333
1,IP_10uM,0,0,NaN,0,NaN,NaN
1,IP_10uM,5,27,5.4,0.909,61.718,333.6
1,IP_10uM,0,0,NaN,0,NaN,NaN
1,IP_10uM,2,14,7,0.33,61.875,437.5
1,IP_10uM,1,1,1,0.07,61,61
1,IP_10uM,2,2,1,0.051,61,61
1,IP_10uM,0,0,NaN,0,NaN,NaN
1,IP_10uM,0,0,NaN,0,NaN,NaN
1,IP_10uM,31,846,27.29,22.73,61.997,1855.516
1,IP_10uM,4,18,4.5,1.076,61.661,280.75
1,IP_10uM,9,271,30.111,20.943,62.352,2098.111
1,IP_10uM,2,917,458.5,82.613,66.93,32937.5
1,IP_10uM,2,5,2.5,0.209,61.875,156
1,IP_10uM,0,0,NaN,0,NaN,NaN
1,IP_10uM,0,0,NaN,0,NaN,NaN
1,IP_10uM,0,0,NaN,0,NaN,NaN
1,IP_10uM,0,0,NaN,0,NaN,NaN
1,IP_10uM,1,4,4,0.127,61.25,245
1,IP_10uM,3,39,13,2.077,62.971,851.333
1,IP_10uM,7,48,6.857,1.424,61.995,438.857
1,IP_10uM,3,3,1,0.114,63,63
1,IP_10uM,0,0,NaN,0,NaN,NaN
1,IP_10uM,1,23,23,1.094,63.13,1452
1,IP_10uM,2,12,6,0.409,64.909,399
1,IP_10uM,0,0,NaN,0,NaN,NaN
1,IP_10uM,2,16,8,0.319,62.917,503
1,IP_10uM,2,3,1.5,0.088,61.5,92.5
1,IP_10uM,2,5,2.5,0.069,62.5,156.5
1,IP_10uM,8,52,6.5,1.55,62.856,447.25
1,IP_10uM,10,29,2.9,1.028,61.593,179.5
1,IP_10uM,2,20,10,0.735,65.028,678.5
1,IP_10uM,2,281,140.5,10.58,69.989,11087.5
1,IP_10uM,1,12,12,0.375,64.667,776
1,IP_10uM,0,0,NaN,0,NaN,NaN
1,IP_10uM,0,0,NaN,0,NaN,NaN
1,IP_10uM,0,0,NaN,0,NaN,NaN
1,IP_10uM,0,0,NaN,0,NaN,NaN
1,IP_10uM,0,0,NaN,0,NaN,NaN
1,IP_10uM,1,4,4,0.086,61.25,245
1,IP_10uM,0,0,NaN,0,NaN,NaN
1,IP_10uM,0,0,NaN,0,NaN,NaN
1,IP_10uM,0,0,NaN,0,NaN,NaN
1,IP_10uM,3,18,6,0.332,62.071,377.667
1,IP_10uM,1,7,7,0.327,62.571,438
1,IP_10uM,3,3,1,0.12,62.333,62.333
1,IP_10uM,3,52,17.333,1.253,62.221,1109.333
1,IP_10uM,0,0,NaN,0,NaN,NaN
1,IP_10uM,0,0,NaN,0,NaN,NaN
1,IP_10uM,1,3,3,0.111,63.333,190
1,IP_10uM,0,0,NaN,0,NaN,NaN
1,IP_10uM,3,4,1.333,0.105,62.167,83
1,IP_10uM,4,15,3.75,0.336,61.356,231
1,IP_10uM,3,3,1,0.103,61,61
1,IP_10uM,13,958,73.692,30.923,63.936,5404.923
1,IP_10uM,0,0,NaN,0,NaN,NaN
1,IP_10uM,0,0,NaN,0,NaN,NaN
1,IP_10uM,0,0,NaN,0,NaN,NaN
1,IP_10uM,7,16,2.286,0.42,62.02,142.143
1,IP_10uM,15,792,52.8,29.497,61.925,3693
1,IP_10uM,1,4,4,0.07,64.75,259
1,IP_10uM,0,0,NaN,0,NaN,NaN
1,IP_10uM,0,0,NaN,0,NaN,NaN
1,IP_10uM,0,0,NaN,0,NaN,NaN
1,IP_10uM,0,0,NaN,0,NaN,NaN
1,IP_10uM,1,1,1,0.054,61,61
1,IP_10uM,0,0,NaN,0,NaN,NaN
1,IP_10uM,2,15,7.5,0.906,62.216,466.5
1,IP_10uM,4,222,55.5,7.845,64.512,3764.75
1,IP_10uM,0,0,NaN,0,NaN,NaN
1,IP_10uM,1,6,6,0.321,66.333,398
1,IP_10uM,4,58,14.5,1.928,62.793,929.25
1,IP_10uM,8,130,16.25,3.225,63.291,1053.125
1,IP_10uM,8,75,9.375,1.95,62.352,595.875
1,IP_10uM,5,60,12,2.151,62.565,763.4
1,IP_10uM,9,141,15.667,5.868,62.762,1041.111
1,IP_10uM,20,1035,51.75,37.829,61.775,3427
1,IP_10uM,9,70,7.778,2.499,61.945,485.778
1,IP_10uM,16,2154,134.625,60.745,62.16,9578.312
1,IP_10uM,2,183,91.5,6.193,65.467,6304
1,IP_10uM,1,4,4,0.118,61.25,245
1,IP_10uM,0,0,NaN,0,NaN,NaN
1,IP_10uM,1,3,3,0.136,63.333,190
1,IP_10uM,0,0,NaN,0,NaN,NaN
1,IP_10uM,3,422,140.667,14.286,69.974,12210
1,IP_10uM,3,23,7.667,0.725,64.444,508
1,IP_10uM,2,45,22.5,1.289,64.784,1539
1,IP_10uM,1,34,34,0.667,68.853,2341
1,IP_10uM,1,5,5,0.177,64.2,321
1,IP_10uM,0,0,NaN,0,NaN,NaN
1,IP_10uM,1,1,1,0.051,61,61
1,IP_10uM,0,0,NaN,0,NaN,NaN
1,IP_10uM,2,2,1,0.079,61.5,61.5
1,IP_10uM,17,147,8.647,3.69,61.78,546.059
1,IP_10uM,3,11,3.667,0.265,62.476,228
1,IP_10uM,1,3,3,0.08,61.333,184
1,IP_10uM,2,15,7.5,0.605,62.333,469
1,IP_10uM,0,0,NaN,0,NaN,NaN
1,IP_10uM,0,0,NaN,0,NaN,NaN
1,IP_10uM,0,0,NaN,0,NaN,NaN
1,IP_10uM,0,0,NaN,0,NaN,NaN
1,IP_10uM,6,55,9.167,1.204,64.933,619.167
1,IP_10uM,1,1,1,0.023,61,61
1,IP_10uM,6,12,2,0.635,61.733,123.333
1,IP_10uM,12,492,41,17.459,62.521,2869.25
1,IP_10uM,5,873,174.6,34.33,64.896,12633.6
1,IP_10uM,11,366,33.273,6.659,64.265,2304.091
1,IP_10uM,2,76,38,2.692,62.923,2411.5
1,IP_10uM,0,0,NaN,0,NaN,NaN
1,IP_10uM,10,77,7.7,2.734,61.967,490.3
1,IP_10uM,2,2,1,0.084,61.5,61.5
1,IP_10uM,10,657,65.7,25.938,61.856,4368.3
1,IP_10uM,5,139,27.8,5.628,64.199,1993.6
1,IP_10uM,5,28,5.6,0.587,67.037,389
1,IP_10uM,4,359,89.75,10.559,68.872,6643.25
1,IP_10uM,3,15,5,0.446,66.825,336.333
1,IP_10uM,8,198,24.75,14.245,65.665,1675.375
1,IP_10uM,16,36,2.25,1.722,64.273,144.938
1,IP_10uM,0,0,NaN,0,NaN,NaN
1,IP_10uM,4,18,4.5,1.758,64.683,292.25
1,IP_10uM,1,1,1,0.073,64,64
1,IP_10uM,2,3,1.5,0.119,65,98
1,IP_10uM,1,18,18,1.002,66.5,1197
1,IP_10uM,2,2,1,0.073,64,64
1,IP_10uM,0,0,NaN,0,NaN,NaN
1,IP_10uM,4,44,11,1.163,65.961,742.75
1,IP_10uM,5,51,10.2,1.946,65.378,677.8
1,IP_10uM,0,0,NaN,0,NaN,NaN
1,IP_10uM,0,0,NaN,0,NaN,NaN
1,IP_10uM,1,3,3,0.07,68,204
1,IP_10uM,23,947,41.174,31.789,65.353,2794.696
1,IP_10uM,11,640,58.182,24.549,65.434,4174.818
1,IP_10uM,25,271,10.84,18.754,65.117,718.12
1,IP_10uM,3,183,61,12.008,66.939,4403.333
1,IP_10uM,0,0,NaN,0,NaN,NaN
1,IP_10uM,0,0,NaN,0,NaN,NaN
1,IP_10uM,2,427,213.5,27.094,76.385,18515
1,IP_10uM,3,17,5.667,1.602,65.667,371.333
1,IP_10uM,0,0,NaN,0,NaN,NaN
1,IP_10uM,0,0,NaN,0,NaN,NaN
1,IP_10uM,0,0,NaN,0,NaN,NaN
1,IP_10uM,0,0,NaN,0,NaN,NaN
1,IP_10uM,0,0,NaN,0,NaN,NaN
1,IP_10uM,3,137,45.667,7.143,68.316,3479
1,IP_10uM,0,0,NaN,0,NaN,NaN
1,IP_10uM,3,31,10.333,0.505,68.778,725.667
1,IP_10uM,1,1,1,0.04,66,66
1,IP_10uM,1,1,1,0.028,65,65
1,IP_10uM,0,0,NaN,0,NaN,NaN
1,IP_10uM,0,0,NaN,0,NaN,NaN
1,IP_10uM,1,1,1,0.046,64,64
1,IP_10uM,1,2,2,0.046,67,134
1,IP_10uM,0,0,NaN,0,NaN,NaN
1,IP_10uM,0,0,NaN,0,NaN,NaN
1,IP_10uM,0,0,NaN,0,NaN,NaN
1,IP_10uM,0,0,NaN,0,NaN,NaN
1,IP_10uM,0,0,NaN,0,NaN,NaN
1,IP_10uM,0,0,NaN,0,NaN,NaN
1,IP_10uM,0,0,NaN,0,NaN,NaN
1,IP_10uM,0,0,NaN,0,NaN,NaN
1,IP_10uM,1,1,1,0.024,64,64
1,IP_10uM,0,0,NaN,0,NaN,NaN
1,IP_10uM,0,0,NaN,0,NaN,NaN
1,IP_10uM,0,0,NaN,0,NaN,NaN
1,IP_10uM,0,0,NaN,0,NaN,NaN
1,IP_10uM,0,0,NaN,0,NaN,NaN
1,IP_10uM,0,0,NaN,0,NaN,NaN
1,IP_10uM,0,0,NaN,0,NaN,NaN
1,IP_10uM,6,19,3.167,0.921,65.046,208.333
1,IP_10uM,3,8,2.667,0.324,67.833,180.333
1,IP_10uM,5,5,1,0.158,64.2,64.2
1,IP_10uM,1,5,5,0.093,66.4,332
1,IP_10uM,1,16,16,0.18,76.688,1227
1,IP_10uM,8,100,12.5,1.753,66.131,861.375
1,IP_10uM,0,0,NaN,0,NaN,NaN
1,IP_10uM,0,0,NaN,0,NaN,NaN
1,IP_10uM,1,5,5,0.146,65.6,328
1,IP_10uM,6,20,3.333,0.369,65.626,219
1,IP_10uM,0,0,NaN,0,NaN,NaN
1,IP_10uM,0,0,NaN,0,NaN,NaN
1,IP_10uM,0,0,NaN,0,NaN,NaN
1,IP_10uM,2,20,10,0.648,65.974,677.5
1,IP_10uM,11,299,27.182,6.76,64.925,1830.727
1,IP_10uM,4,120,30,6.211,65.624,2000.5
1,IP_10uM,0,0,NaN,0,NaN,NaN
1,IP_10uM,5,139,27.8,5.569,65.111,1837.2
1,IP_10uM,4,252,63,8.42,68.663,4491
1,IP_10uM,0,0,NaN,0,NaN,NaN
1,IP_10uM,0,0,NaN,0,NaN,NaN
1,IP_10uM,0,0,NaN,0,NaN,NaN
1,IP_10uM,1,5,5,0.219,81.4,407
1,IP_10uM,1,50,50,1.041,80.54,4027
1,IP_10uM,2,37,18.5,1.517,67.319,1303.5
1,IP_10uM,0,0,NaN,0,NaN,NaN
1,IP_10uM,0,0,NaN,0,NaN,NaN
1,IP_10uM,4,16,4,0.568,65.365,270.75
1,IP_10uM,28,111,3.964,2.473,65.507,263.107
1,IP_10uM,0,0,NaN,0,NaN,NaN
1,IP_10uM,0,0,NaN,0,NaN,NaN
1,IP_10uM,0,0,NaN,0,NaN,NaN
1,IP_10uM,0,0,NaN,0,NaN,NaN
1,IP_10uM,0,0,NaN,0,NaN,NaN
1,IP_10uM,2,3,1.5,0.044,58,87
1,IP_10uM,3,54,18,0.794,61.219,1111
1,IP_10uM,1,4,4,0.106,59.25,237
1,IP_10uM,10,614,61.4,32.079,60.306,4674.6
1,IP_10uM,1,8,8,0.511,59.625,477
1,IP_10uM,7,26,3.714,0.545,59.994,225.286
1,IP_10uM,4,8,2,0.466,58.85,118.25
1,IP_10uM,8,39,4.875,1.195,59.952,307.625
1,IP_10uM,3,11,3.667,0.33,59.083,218.667
1,IP_10uM,6,49,8.167,1.041,59.183,493.333
1,IP_10uM,0,0,NaN,0,NaN,NaN
1,IP_10uM,4,32,8,0.9,59.303,493.75
1,IP_10uM,0,0,NaN,0,NaN,NaN
1,IP_10uM,1,2,2,0.039,60.5,121
1,IP_10uM,0,0,NaN,0,NaN,NaN
1,IP_10uM,3,7,2.333,0.21,60.222,138.667
1,IP_10uM,1,1,1,0.035,58,58
1,IP_10uM,0,0,NaN,0,NaN,NaN
1,IP_10uM,0,0,NaN,0,NaN,NaN
1,IP_10uM,0,0,NaN,0,NaN,NaN
1,IP_10uM,0,0,NaN,0,NaN,NaN
1,IP_10uM,2,2,1,0.049,58,58
1,IP_10uM,3,18,6,0.373,59.922,357.333
1,IP_10uM,5,6,1.2,0.268,58.4,70.2
1,IP_10uM,8,11,1.375,0.437,58.188,80
1,IP_10uM,1,6,6,0.135,60.667,364
1,IP_10uM,3,30,10,0.803,62.889,674
1,IP_10uM,1,1,1,0.038,59,59
1,IP_10uM,0,0,NaN,0,NaN,NaN
1,IP_10uM,5,41,8.2,1.704,59.339,487.4
1,IP_10uM,4,122,30.5,5.334,59.864,1905
1,IP_10uM,6,36,6,1.922,59.518,364.833
1,IP_10uM,2,6,3,0.22,58.6,177
1,IP_10uM,2,23,11.5,0.58,61,722.5
1,IP_10uM,6,20,3.333,0.44,59.005,199.5
1,IP_10uM,1,1,1,0.027,58,58
1,IP_10uM,1,1,1,0.023,58,58
1,IP_10uM,3,98,32.667,1.702,61.993,2056.333
1,IP_10uM,3,14,4.667,0.257,58.4,274.667
1,IP_10uM,2,3,1.5,0.088,58.5,88
1,IP_10uM,1,2,2,0.039,59,118
1,IP_10uM,1,19,19,0.674,68.053,1293
1,IP_10uM,0,0,NaN,0,NaN,NaN
1,IP_10uM,2,2,1,0.046,58.5,58.5
1,IP_10uM,3,7,2.333,0.322,59.6,139.333
1,IP_10uM,0,0,NaN,0,NaN,NaN
1,IP_10uM,0,0,NaN,0,NaN,NaN
1,IP_10uM,0,0,NaN,0,NaN,NaN
1,IP_10uM,1,5,5,0.098,61.4,307
1,IP_10uM,10,163,16.3,6.139,59.637,1135.9
1,IP_10uM,0,0,NaN,0,NaN,NaN
1,IP_10uM,0,0,NaN,0,NaN,NaN
1,IP_10uM,0,0,NaN,0,NaN,NaN
1,IP_10uM,2,2,1,0.107,59.5,59.5
1,IP_10uM,0,0,NaN,0,NaN,NaN
1,IP_10uM,0,0,NaN,0,NaN,NaN
1,IP_10uM,0,0,NaN,0,NaN,NaN
1,IP_10uM,1,9,9,0.365,62.222,560
1,IP_10uM,1,16,16,0.549,61.5,984
1,IP_10uM,0,0,NaN,0,NaN,NaN
1,IP_10uM,0,0,NaN,0,NaN,NaN
1,IP_10uM,0,0,NaN,0,NaN,NaN
1,IP_10uM,0,0,NaN,0,NaN,NaN
1,IP_10uM,1,11,11,0.31,59.182,651
1,IP_10uM,0,0,NaN,0,NaN,NaN
1,IP_10uM,6,31,5.167,0.774,59.181,310.333
1,IP_10uM,1,1,1,0.039,58,58
1,IP_10uM,0,0,NaN,0,NaN,NaN
1,IP_10uM,1,4,4,0.111,59.5,238
1,IP_10uM,0,0,NaN,0,NaN,NaN
1,IP_10uM,5,15,3,0.363,58.545,178
1,IP_10uM,0,0,NaN,0,NaN,NaN
1,IP_10uM,0,0,NaN,0,NaN,NaN
1,IP_10uM,5,316,63.2,6.218,59.69,4006.2
1,IP_10uM,1,5,5,0.119,65.6,328
1,IP_10uM,11,80,7.273,1.654,60.185,469.545
1,IP_10uM,10,36,3.6,0.799,59.023,213.2
1,IP_10uM,0,0,NaN,0,NaN,NaN
1,IP_10uM,0,0,NaN,0,NaN,NaN
1,IP_10uM,2,39,19.5,0.648,67.788,1422.5
1,IP_10uM,4,28,7,0.502,59.754,422.25
1,IP_10uM,1,1,1,0.021,59,59
1,IP_10uM,0,0,NaN,0,NaN,NaN
1,IP_10uM,1,260,260,5.785,78.608,20438
1,IP_10uM,0,0,NaN,0,NaN,NaN
1,IP_10uM,1,11,11,0.169,63.636,700
1,IP_10uM,1,15,15,0.465,60.933,914
1,IP_10uM,2,14,7,0.71,61.917,440.5
1,IP_10uM,1,3,3,0.066,61.333,184
1,IP_10uM,0,0,NaN,0,NaN,NaN
1,IP_10uM,2,5,2.5,0.14,59.5,148.5
1,IP_10uM,2,6,3,0.2,59.5,178
1,IP_10uM,4,7,1.75,0.161,58.917,103.5
1,IP_10uM,0,0,NaN,0,NaN,NaN
1,IP_10uM,0,0,NaN,0,NaN,NaN
1,IP_10uM,2,22,11,0.785,62.59,692
1,IP_10uM,0,0,NaN,0,NaN,NaN
1,IP_10uM,1,3,3,0.093,59.667,179
1,IP_10uM,0,0,NaN,0,NaN,NaN
1,IP_10uM,3,5,1.667,0.331,58.556,98.333
1,IP_10uM,0,0,NaN,0,NaN,NaN
1,IP_10uM,5,17,3.4,0.593,58.733,202
1,IP_10uM,1,1,1,0.035,58,58
1,IP_10uM,2,39,19.5,2.746,61.961,1281.5
1,IP_10uM,2,17,8.5,0.582,60.344,530.5
1,IP_10uM,0,0,NaN,0,NaN,NaN
1,IP_10uM,0,0,NaN,0,NaN,NaN
1,IP_10uM,0,0,NaN,0,NaN,NaN
1,IP_10uM,0,0,NaN,0,NaN,NaN
1,IP_10uM,5,20,4,0.646,59.813,245.6
1,IP_10uM,0,0,NaN,0,NaN,NaN
1,IP_10uM,1,1,1,0.036,58,58
1,IP_10uM,2,12,6,0.259,58.591,354.5
1,IP_10uM,0,0,NaN,0,NaN,NaN
1,IP_10uM,1,1,1,0.024,58,58
1,IP_10uM,6,12,2,0.302,58.683,117.167
1,IP_10uM,3,30,10,1.458,60.665,621
1,IP_10uM,6,15,2.5,0.668,58.867,147.333
1,IP_10uM,12,75,6.25,2.615,59.292,375.583
1,IP_10uM,4,5,1.25,0.213,58.25,73
1,IP_10uM,5,36,7.2,0.779,59.332,441.8
1,IP_10uM,5,12,2.4,0.437,58.933,141.4
1,IP_10uM,2,2,1,0.035,58.5,58.5
1,IP_10uM,0,0,NaN,0,NaN,NaN
1,IP_10uM,0,0,NaN,0,NaN,NaN
1,IP_10uM,1,15,15,0.671,62.6,939
1,IP_10uM,4,8,2,0.286,60.312,120.75
1,IP_10uM,0,0,NaN,0,NaN,NaN
1,IP_10uM,1,1,1,0.031,58,58
1,IP_10uM,0,0,NaN,0,NaN,NaN
1,IP_10uM,0,0,NaN,0,NaN,NaN
1,IP_10uM,16,142,8.875,2.598,58.562,527.938
1,IP_10uM,5,13,2.6,0.386,58.756,154.4
1,IP_10uM,6,21,3.5,0.371,59.111,207.167
1,IP_10uM,8,15,1.875,0.291,58.906,110.125
1,IP_10uM,1,1,1,0.039,58,58
1,IP_10uM,0,0,NaN,0,NaN,NaN
1,IP_10uM,6,178,29.667,4.3,60.296,1839.5
1,IP_10uM,6,76,12.667,1.452,62.524,879.167
1,IP_10uM,1,2,2,0.054,58,116
1,IP_10uM,2,2,1,0.053,59,59
1,IP_10uM,0,0,NaN,0,NaN,NaN
1,IP_10uM,1,32,32,0.685,64.406,2061
1,IP_10uM,0,0,NaN,0,NaN,NaN
1,IP_10uM,3,22,7.333,0.353,60.811,452.667
1,IP_10uM,3,9,3,0.22,60.524,181.667
1,IP_10uM,0,0,NaN,0,NaN,NaN
1,IP_10uM,54,366,6.778,6.142,60.041,412.796
1,IP_10uM,0,0,NaN,0,NaN,NaN
1,IP_10uM,0,0,NaN,0,NaN,NaN
1,IP_10uM,11,29,2.636,0.838,59.742,158.273
1,IP_10uM,9,34,3.778,1.623,59.713,228
1,IP_10uM,15,131,8.733,5.982,60.202,549.267
1,IP_10uM,5,19,3.8,0.438,61.392,235.2
1,IP_10uM,9,108,12,4.802,60.499,733.222
1,IP_10uM,2,3,1.5,0.08,59.5,89
1,IP_10uM,1,1,1,0.02,59,59
1,IP_10uM,2,2,1,0.034,59,59
1,IP_10uM,2,2,1,0.049,59,59
1,IP_10uM,26,65,2.5,1.636,59.395,149.615
1,IP_10uM,0,0,NaN,0,NaN,NaN
1,IP_10uM,0,0,NaN,0,NaN,NaN
1,IP_10uM,0,0,NaN,0,NaN,NaN
1,IP_10uM,17,41,2.412,0.593,59.365,143.706
1,IP_10uM,1,1,1,0.037,59,59
1,IP_10uM,0,0,NaN,0,NaN,NaN
1,IP_10uM,0,0,NaN,0,NaN,NaN
1,IP_10uM,4,25,6.25,0.511,59.947,378.5
1,IP_10uM,4,11,2.75,0.344,60.042,165.5
1,IP_10uM,7,31,4.429,1.348,59.958,268.857
1,IP_10uM,2,25,12.5,0.571,64.377,824.5
1,IP_10uM,2,96,48,1.555,60.895,3012
1,IP_10uM,1,1,1,0.014,59,59
1,IP_10uM,1,1,1,0.019,59,59
1,IP_10uM,29,454,15.655,9.396,60.021,963.172
1,IP_10uM,14,59,4.214,1.053,60.339,257.643
1,IP_10uM,44,439,9.977,8.946,60.097,623.136
1,IP_10uM,11,65,5.909,1.263,60.388,361.727
1,IP_10uM,4,10,2.5,0.324,59.875,151.75
1,IP_10uM,0,0,NaN,0,NaN,NaN
1,IP_10uM,2,10,5,0.373,60.938,306
1,IP_10uM,2,4,2,0.139,59.667,119
1,IP_10uM,0,0,NaN,0,NaN,NaN
1,IP_10uM,3,9,3,0.38,59.667,181.667
1,IP_10uM,5,22,4.4,1.402,61.025,272.2
1,IP_10uM,0,0,NaN,0,NaN,NaN
1,IP_10uM,0,0,NaN,0,NaN,NaN
1,IP_10uM,0,0,NaN,0,NaN,NaN
1,IP_10uM,1,1,1,0.044,61,61
1,IP_10uM,1,1,1,0.039,59,59
1,IP_10uM,1,1,1,0.025,59,59
1,IP_10uM,4,80,20,2.673,66.596,1368
1,IP_10uM,1,2,2,0.064,60,120
1,IP_10uM,0,0,NaN,0,NaN,NaN
1,IP_10uM,0,0,NaN,0,NaN,NaN
1,IP_10uM,5,11,2.2,0.153,59.971,134.2
1,IP_10uM,1,9,9,0.31,63.222,569
1,IP_10uM,0,0,NaN,0,NaN,NaN
1,IP_10uM,0,0,NaN,0,NaN,NaN
1,IP_10uM,0,0,NaN,0,NaN,NaN
1,IP_10uM,2,3,1.5,0.033,59.25,89
1,IP_10uM,12,60,5,1.002,61.19,309.917
1,IP_10uM,10,37,3.7,1.484,59.797,223.9
1,IP_10uM,1,55,55,1.752,66.727,3670
1,IP_10uM,0,0,NaN,0,NaN,NaN
1,IP_10uM,1,3,3,0.085,61.333,184
1,IP_10uM,9,562,62.444,21.344,63.677,4843.889
1,IP_10uM,0,0,NaN,0,NaN,NaN
1,IP_10uM,0,0,NaN,0,NaN,NaN
1,IP_10uM,2,6,3,0.266,59.5,178.5
1,IP_10uM,3,3,1,0.062,62,62
1,IP_10uM,2,16,8,0.689,62.6,519
1,IP_10uM,7,98,14,2.943,60.578,887.857
1,IP_10uM,1,5,5,0.23,61,305
1,IP_10uM,1,2,2,0.104,59.5,119
1,IP_10uM,0,0,NaN,0,NaN,NaN
1,IP_10uM,1,1,1,0.054,62,62
1,IP_10uM,1,2,2,0.099,60,120
1,IP_10uM,0,0,NaN,0,NaN,NaN
1,IP_10uM,2,23,11.5,0.835,62.159,716.5
1,IP_10uM,2,2,1,0.069,59.5,59.5
1,IP_10uM,0,0,NaN,0,NaN,NaN
1,IP_10uM,0,0,NaN,0,NaN,NaN
1,IP_10uM,2,14,7,0.421,61.385,420
1,IP_10uM,4,47,11.75,4.388,60.573,717.5
1,IP_10uM,0,0,NaN,0,NaN,NaN
1,T_100mM,0,0,NaN,0,NaN,NaN
1,T_100mM,4,156,39,4.251,77.871,3085.25
1,T_100mM,0,0,NaN,0,NaN,NaN
1,T_100mM,0,0,NaN,0,NaN,NaN
1,T_100mM,0,0,NaN,0,NaN,NaN
1,T_100mM,0,0,NaN,0,NaN,NaN
1,T_100mM,0,0,NaN,0,NaN,NaN
1,T_100mM,0,0,NaN,0,NaN,NaN
1,T_100mM,11,206,18.727,3.627,75.628,1441.818
1,T_100mM,5,147,29.4,3.286,75.727,2267
1,T_100mM,2,2,1,0.033,74,74
1,T_100mM,0,0,NaN,0,NaN,NaN
1,T_100mM,6,1004,167.333,23.112,76.937,14812.5
1,T_100mM,7,659,94.143,14.896,77.883,8145.571
1,T_100mM,13,364,28,5.508,75.252,2200.923
1,T_100mM,9,78,8.667,1.34,75.345,661.111
1,T_100mM,2,403,201.5,9.026,77.915,16146
1,T_100mM,6,748,124.667,12.411,77.315,10304.333
1,T_100mM,0,0,NaN,0,NaN,NaN
1,T_100mM,1,73,73,2.177,83.589,6102
1,T_100mM,0,0,NaN,0,NaN,NaN
1,T_100mM,1,536,536,24.112,87.213,46746
1,T_100mM,5,216,43.2,6.595,75.488,3342.4
1,T_100mM,15,580,38.667,10.962,75.805,3084.133
1,T_100mM,5,369,73.8,16.327,75.569,5787.6
1,T_100mM,16,721,45.062,22.056,75.125,3660.75
1,T_100mM,20,1820,91,36.642,75.203,7330.35
1,T_100mM,8,691,86.375,11.196,76.346,6755.5
1,T_100mM,8,506,63.25,12.282,75.585,5174.5
1,T_100mM,1,690,690,41.491,80.525,55562
1,T_100mM,0,0,NaN,0,NaN,NaN
1,T_100mM,0,0,NaN,0,NaN,NaN
1,T_100mM,6,113,18.833,4.079,75.026,1443.833
1,T_100mM,3,1075,358.333,32.844,78.051,29791
1,T_100mM,9,396,44,10,75.437,3460.556
1,T_100mM,2,1153,576.5,47.177,82.65,50899
1,T_100mM,7,2468,352.571,67.505,76.251,30534.286
1,T_100mM,2,204,102,6.389,76.225,7947.5
1,T_100mM,0,0,NaN,0,NaN,NaN
1,T_100mM,5,323,64.6,10.313,77.71,5392
1,T_100mM,0,0,NaN,0,NaN,NaN
1,T_100mM,7,21,3,1.235,74.893,224.429
1,T_100mM,3,253,84.333,8.456,76.74,6760.333
1,T_100mM,2,1020,510,26.885,79.498,42824
1,T_100mM,3,644,214.667,22.207,75.978,17155.333
1,T_100mM,8,58,7.25,2.64,75.709,554.5
1,T_100mM,7,1738,248.286,26.958,76.748,21637.857
1,T_100mM,1,1,1,0.032,74,74
1,T_100mM,2,41,20.5,1.492,75.062,1559.5
1,T_100mM,3,296,98.667,26.381,75.98,7784
1,T_100mM,10,546,54.6,10.997,76.468,4480
1,T_100mM,12,1103,91.917,22.803,76.262,7535.417
1,T_100mM,1,234,234,16.205,80.889,18928
1,T_100mM,3,1556,518.667,76.764,80.456,47379
1,T_100mM,3,54,18,2.455,76.023,1427
1,T_100mM,5,14,2.8,0.296,75.9,214.8
1,T_100mM,0,0,NaN,0,NaN,NaN
1,T_100mM,15,328,21.867,8.057,75.737,1768.333
1,T_100mM,8,32,4,0.619,74.977,304
1,T_100mM,6,99,16.5,2.492,74.825,1290.167
1,T_100mM,2,77,38.5,1.646,78.058,3003.5
1,T_100mM,2,342,171,6.371,78.34,13870.5
1,T_100mM,25,379,15.16,8.031,75.86,1175.32
1,T_100mM,2,64,32,1.373,77.016,2558
1,T_100mM,4,130,32.5,4.315,76.042,2537.5
1,T_100mM,2,35,17.5,1.331,77.553,1389
1,T_100mM,0,0,NaN,0,NaN,NaN
1,T_100mM,4,2631,657.75,77.178,77.237,56349.5
1,T_100mM,7,624,89.143,19.271,75.92,7304.286
1,T_100mM,2,100,50,5.305,79.538,4129
1,T_100mM,7,41,5.857,1.717,23.795,142.143
1,T_100mM,15,426,28.4,11.452,24.462,759.133
1,T_100mM,17,479,28.176,16.117,24.017,716.118
1,T_100mM,9,70,7.778,1.666,24.321,197.889
1,T_100mM,11,398,36.182,8.325,24.942,944.091
1,T_100mM,17,68,4,1.976,23.815,96.471
1,T_100mM,12,49,4.083,0.887,24.036,101
1,T_100mM,6,47,7.833,1.068,24.224,190.333
1,T_100mM,0,0,NaN,0,NaN,NaN
1,T_100mM,12,106,8.833,3.302,24.242,216.167
1,T_100mM,7,155,22.143,3.847,23.999,558.571
1,T_100mM,8,173,21.625,5.063,23.971,544
1,T_100mM,1,1688,1688,47.098,38.683,65297
1,T_100mM,13,22,1.692,0.355,23.25,39.462
1,T_100mM,0,0,NaN,0,NaN,NaN
1,T_100mM,12,70,5.833,2.392,24.221,142.333
1,T_100mM,11,165,15,4.5,24.459,386.455
1,T_100mM,4,70,17.5,3.291,25.875,452
1,T_100mM,7,102,14.571,6.061,24.49,367.143
1,T_100mM,0,0,NaN,0,NaN,NaN
1,T_100mM,1,94,94,1.799,31.064,2920
1,T_100mM,2,8,4,0.25,23.9,95.5
1,T_100mM,7,325,46.429,5.526,25.494,1449.857
1,T_100mM,5,129,25.8,2.673,25.104,676.6
1,T_100mM,22,121,5.5,2.728,24.094,133.591
1,T_100mM,19,935,49.211,15.856,24.261,1426.105
1,T_100mM,12,449,37.417,6.449,24.71,1084
1,T_100mM,12,518,43.167,13.251,24.586,1143.417
1,T_100mM,0,0,NaN,0,NaN,NaN
1,T_100mM,21,426,20.286,9.473,24.184,532.571
1,T_100mM,13,942,72.462,21.221,25.321,2115.923
1,T_100mM,21,181,8.619,4.297,23.821,217.619
1,T_100mM,1,71,71,3.496,26.634,1891
1,T_100mM,2,6,3,0.591,23.8,73
1,T_100mM,17,450,26.471,11.886,24.583,745.471
1,T_100mM,3,28,9.333,1.03,23.967,235
